donation_id,donor_id,people_count,preparation_method,previous_completed_count,previous_total_count,previous_completion_rate,donation_completed
6,2,20,1,0,0,0.0,1
7,2,30,1,1,1,1.0,1
8,2,50,0,2,2,1.0,1
10,2,20,1,3,3,1.0,1
19,2,20,1,4,4,1.0,1
18,2,10,0,5,5,1.0,1
5,2,30,1,6,6,1.0,1
21,5,10,0,0,0,0.0,1
23,5,10,1,1,1,1.0,1
25,5,20,1,2,2,1.0,1
35,5,30,0,3,3,1.0,0
37,5,20,1,3,4,0.75,0
36,5,20,1,3,5,0.6,0
39,5,20,1,3,6,0.5,0
26,6,20,0,0,0,0.0,1
27,6,10,1,1,1,1.0,0
28,6,20,1,1,2,0.5,0
31,6,20,1,1,3,0.3333333333333333,0
22,7,30,1,0,0,0.0,1
29,13,100,0,0,0,0.0,0
30,14,20,0,0,0,0.0,0
32,15,50,1,0,0,0.0,0
34,15,10,1,0,1,0.0,1
41,15,30,1,1,2,0.5,0
40,15,10,1,1,3,0.3333333333333333,0
